auctionId,auctionSeason,auctionNumber,Item,Price,Display Name,Category
20222,2022,2,+2 Chaos Cannon,$110.00 ,+2 Chaos Cannon,Onyx Ultra Rare
20222,2022,2,+2 Mug of Battle,$90.00 ,+2 Mug of Battle,Onyx Ultra Rare
20222,2022,2,+2 Staff of Power,$105.00 ,+2 Staff of Power,Onyx Ultra Rare
20222,2022,2,Amulet of Aiming,$90.00 ,Amulet of Aiming,Onyx Ultra Rare
20222,2022,2,Bead of Focus,$110.00 ,Bead of Focus,Onyx Ultra Rare
20222,2022,2,Bead of Guided Strike,$110.00 ,Bead of Guided Strike,Onyx Ultra Rare
20222,2022,2,Belt of the Deadshot,$110.00 ,Belt of the Deadshot,Onyx Ultra Rare
20222,2022,2,Butterfly Cloak,$90.00 ,Butterfly Cloak,Onyx Ultra Rare
20222,2022,2,Charm Bracelets,$95.00 ,Charm Bracelets,Onyx Ultra Rare
20222,2022,2,Charm of Spell Storing,$115.00 ,Charm of Spell Storing,Onyx Ultra Rare
20222,2022,2,Death Knight Mail,$115.00 ,Death Knight Mail,Onyx Ultra Rare
20222,2022,2,Earcuff of the Ravager,$110.00 ,Earcuff of the Ravager,Onyx Ultra Rare
20222,2022,2,Gloves of the Deadshot,$110.00 ,Gloves of the Deadshot,Onyx Ultra Rare
20222,2022,2,Goggles of the Deadshot,$110.00 ,Goggles of the Deadshot,Onyx Ultra Rare
20222,2022,2,Harlax's Helpful Lamp,$130.00 ,Harlax's Helpful Lamp,Onyx Ultra Rare
20222,2022,2,Ioun Stone Fluorite Sphere,$130.00 ,Ioun Stone Fluorite Sphere,Onyx Ultra Rare
20222,2022,2,Lucky Charm,$105.00 ,Lucky Charm,Onyx Ultra Rare
20222,2022,2,Lucky Kilt,$56.00 ,Lucky Kilt,Onyx Ultra Rare
20222,2022,2,Ring of Havoc,$110.00 ,Ring of Havoc,Onyx Ultra Rare
20222,2022,2,Shirt of the Imbiber,$110.00 ,Shirt of the Imbiber,Onyx Ultra Rare
20224,2022,4,+2 Chaos Cannon,$75.00 ,+2 Chaos Cannon,Onyx Ultra Rare
20224,2022,4,+2 Mug of Battle,$105.00 ,+2 Mug of Battle,Onyx Ultra Rare
20224,2022,4,+2 Staff of Power,$80.00 ,+2 Staff of Power,Onyx Ultra Rare
20224,2022,4,Amulet of Aiming,$105.00 ,Amulet of Aiming,Onyx Ultra Rare
20224,2022,4,Bead of Focus,$100.00 ,Bead of Focus,Onyx Ultra Rare
20224,2022,4,Bead of Guided Strike,$110.00 ,Bead of Guided Strike,Onyx Ultra Rare
20224,2022,4,Belt of the Deadshot,$110.00 ,Belt of the Deadshot,Onyx Ultra Rare
20224,2022,4,Butterfly Cloak,$95.00 ,Butterfly Cloak,Onyx Ultra Rare
20224,2022,4,Charm Bracelets,$85.00 ,Charm Bracelets,Onyx Ultra Rare
20224,2022,4,Charm of Spell Storing,$115.00 ,Charm of Spell Storing,Onyx Ultra Rare
20224,2022,4,Death Knight Mail,$85.00 ,Death Knight Mail,Onyx Ultra Rare
20224,2022,4,Earcuff of the Ravager,$105.00 ,Earcuff of the Ravager,Onyx Ultra Rare
20224,2022,4,Gloves of the Deadshot,$110.00 ,Gloves of the Deadshot,Onyx Ultra Rare
20224,2022,4,Goggles of the Deadshot,$110.00 ,Goggles of the Deadshot,Onyx Ultra Rare
20224,2022,4,Harlax's Helpful Lamp,$120.00 ,Harlax's Helpful Lamp,Onyx Ultra Rare
20224,2022,4,Ioun Stone Fluorite Sphere,$105.00 ,Ioun Stone Fluorite Sphere,Onyx Ultra Rare
20224,2022,4,Lucky Charm,$110.00 ,Lucky Charm,Onyx Ultra Rare
20224,2022,4,Lucky Kilt,$85.00 ,Lucky Kilt,Onyx Ultra Rare
20224,2022,4,Ring of Havoc,$105.00 ,Ring of Havoc,Onyx Ultra Rare
20224,2022,4,Shirt of the Imbiber,$105.00 ,Shirt of the Imbiber,Onyx Ultra Rare
20225,2022,5,+2 Chaos Cannon,$90.00 ,+2 Chaos Cannon,Onyx Ultra Rare
20225,2022,5,+2 Mug of Battle,$105.00 ,+2 Mug of Battle,Onyx Ultra Rare
20225,2022,5,+2 Staff of Power,$100.00 ,+2 Staff of Power,Onyx Ultra Rare
20225,2022,5,Amulet of Aiming,$100.00 ,Amulet of Aiming,Onyx Ultra Rare
20225,2022,5,Bead of Focus,$110.00 ,Bead of Focus,Onyx Ultra Rare
20225,2022,5,Bead of Guided Strike,$110.00 ,Bead of Guided Strike,Onyx Ultra Rare
20225,2022,5,Belt of the Deadshot,$115.00 ,Belt of the Deadshot,Onyx Ultra Rare
20225,2022,5,Butterfly Cloak,$95.00 ,Butterfly Cloak,Onyx Ultra Rare
20225,2022,5,Charm Bracelets,$100.00 ,Charm Bracelets,Onyx Ultra Rare
20225,2022,5,Charm of Spell Storing,$120.00 ,Charm of Spell Storing,Onyx Ultra Rare
20225,2022,5,Death Knight Mail,$105.00 ,Death Knight Mail,Onyx Ultra Rare
20225,2022,5,Earcuff of the Ravager,$105.00 ,Earcuff of the Ravager,Onyx Ultra Rare
20225,2022,5,Gloves of the Deadshot,$115.00 ,Gloves of the Deadshot,Onyx Ultra Rare
20225,2022,5,Goggles of the Deadshot,$115.00 ,Goggles of the Deadshot,Onyx Ultra Rare
20225,2022,5,Harlax's Helpful Lamp,$120.00 ,Harlax's Helpful Lamp,Onyx Ultra Rare
20225,2022,5,Ioun Stone Fluorite Sphere,$100.00 ,Ioun Stone Fluorite Sphere,Onyx Ultra Rare
20225,2022,5,Lucky Charm,$105.00 ,Lucky Charm,Onyx Ultra Rare
20225,2022,5,Lucky Kilt,$90.00 ,Lucky Kilt,Onyx Ultra Rare
20225,2022,5,Ring of Havoc,$105.00 ,Ring of Havoc,Onyx Ultra Rare
20225,2022,5,Shirt of the Imbiber,$105.00 ,Shirt of the Imbiber,Onyx Ultra Rare
20227,2022,7,+2 Chaos Cannon,$85.00 ,+2 Chaos Cannon,Onyx Ultra Rare
20227,2022,7,+2 Mug of Battle,$80.00 ,+2 Mug of Battle,Onyx Ultra Rare
20227,2022,7,+2 Staff of Power,$95.00 ,+2 Staff of Power,Onyx Ultra Rare
20227,2022,7,Amulet of Aiming,$80.00 ,Amulet of Aiming,Onyx Ultra Rare
20227,2022,7,Bead of Focus,$100.00 ,Bead of Focus,Onyx Ultra Rare
20227,2022,7,Bead of Guided Strike,$105.00 ,Bead of Guided Strike,Onyx Ultra Rare
20227,2022,7,Belt of the Deadshot,$110.00 ,Belt of the Deadshot,Onyx Ultra Rare
20227,2022,7,Butterfly Cloak,$95.00 ,Butterfly Cloak,Onyx Ultra Rare
20227,2022,7,Charm Bracelets,$105.00 ,Charm Bracelets,Onyx Ultra Rare
20227,2022,7,Charm of Spell Storing,$115.00 ,Charm of Spell Storing,Onyx Ultra Rare
20227,2022,7,Death Knight Mail,$105.00 ,Death Knight Mail,Onyx Ultra Rare
20227,2022,7,Earcuff of the Ravager,$105.00 ,Earcuff of the Ravager,Onyx Ultra Rare
20227,2022,7,Gloves of the Deadshot,$105.00 ,Gloves of the Deadshot,Onyx Ultra Rare
20227,2022,7,Goggles of the Deadshot,$110.00 ,Goggles of the Deadshot,Onyx Ultra Rare
20227,2022,7,Harlax's Helpful Lamp,$105.00 ,Harlax's Helpful Lamp,Onyx Ultra Rare
20227,2022,7,Ioun Stone Fluorite Sphere,$105.00 ,Ioun Stone Fluorite Sphere,Onyx Ultra Rare
20227,2022,7,Lucky Charm,$110.00 ,Lucky Charm,Onyx Ultra Rare
20227,2022,7,Lucky Kilt,$55.00 ,Lucky Kilt,Onyx Ultra Rare
20227,2022,7,Ring of Havoc,$100.00 ,Ring of Havoc,Onyx Ultra Rare
20227,2022,7,Shirt of the Imbiber,$115.00 ,Shirt of the Imbiber,Onyx Ultra Rare
20228,2022,8,+2 Chaos Cannon,$90.00 ,+2 Chaos Cannon,Onyx Ultra Rare
20228,2022,8,+2 Mug of Battle,$95.00 ,+2 Mug of Battle,Onyx Ultra Rare
20228,2022,8,+2 Staff of Power,$95.00 ,+2 Staff of Power,Onyx Ultra Rare
20228,2022,8,Amulet of Aiming,$90.00 ,Amulet of Aiming,Onyx Ultra Rare
20228,2022,8,Bead of Focus,$110.00 ,Bead of Focus,Onyx Ultra Rare
20228,2022,8,Bead of Guided Strike,$105.00 ,Bead of Guided Strike,Onyx Ultra Rare
20228,2022,8,Belt of the Deadshot,$115.00 ,Belt of the Deadshot,Onyx Ultra Rare
20228,2022,8,Butterfly Cloak,$85.00 ,Butterfly Cloak,Onyx Ultra Rare
20228,2022,8,Charm Bracelets,$105.00 ,Charm Bracelets,Onyx Ultra Rare
20228,2022,8,Charm of Spell Storing,$105.00 ,Charm of Spell Storing,Onyx Ultra Rare
20228,2022,8,Death Knight Mail,$80.00 ,Death Knight Mail,Onyx Ultra Rare
20228,2022,8,Earcuff of the Ravager,$100.00 ,Earcuff of the Ravager,Onyx Ultra Rare
20228,2022,8,Gloves of the Deadshot,$105.00 ,Gloves of the Deadshot,Onyx Ultra Rare
20228,2022,8,Goggles of the Deadshot,$105.00 ,Goggles of the Deadshot,Onyx Ultra Rare
20228,2022,8,Harlax's Helpful Lamp,$110.00 ,Harlax's Helpful Lamp,Onyx Ultra Rare
20228,2022,8,Ioun Stone Fluorite Sphere,$100.00 ,Ioun Stone Fluorite Sphere,Onyx Ultra Rare
20228,2022,8,Lucky Charm,$105.00 ,Lucky Charm,Onyx Ultra Rare
20228,2022,8,Lucky Kilt,$65.00 ,Lucky Kilt,Onyx Ultra Rare
20228,2022,8,Ring of Havoc,$105.00 ,Ring of Havoc,Onyx Ultra Rare
20228,2022,8,Shirt of the Imbiber,$105.00 ,Shirt of the Imbiber,Onyx Ultra Rare
20229,2022,9,+2 Chaos Cannon,$90.00 ,+2 Chaos Cannon,Onyx Ultra Rare
20229,2022,9,+2 Mug of Battle,$90.00 ,+2 Mug of Battle,Onyx Ultra Rare
20229,2022,9,+2 Staff of Power,$95.00 ,+2 Staff of Power,Onyx Ultra Rare
20229,2022,9,Amulet of Aiming,$90.00 ,Amulet of Aiming,Onyx Ultra Rare
20229,2022,9,Bead of Focus,$110.00 ,Bead of Focus,Onyx Ultra Rare
20229,2022,9,Bead of Guided Strike,$105.00 ,Bead of Guided Strike,Onyx Ultra Rare
20229,2022,9,Belt of the Deadshot,$110.00 ,Belt of the Deadshot,Onyx Ultra Rare
20229,2022,9,Butterfly Cloak,$80.00 ,Butterfly Cloak,Onyx Ultra Rare
20229,2022,9,Charm Bracelets,$95.00 ,Charm Bracelets,Onyx Ultra Rare
20229,2022,9,Charm of Spell Storing,$105.00 ,Charm of Spell Storing,Onyx Ultra Rare
20229,2022,9,Death Knight Mail,$95.00 ,Death Knight Mail,Onyx Ultra Rare
20229,2022,9,Earcuff of the Ravager,$100.00 ,Earcuff of the Ravager,Onyx Ultra Rare
20229,2022,9,Gloves of the Deadshot,$110.00 ,Gloves of the Deadshot,Onyx Ultra Rare
20229,2022,9,Goggles of the Deadshot,$110.00 ,Goggles of the Deadshot,Onyx Ultra Rare
20229,2022,9,Harlax's Helpful Lamp,$95.00 ,Harlax's Helpful Lamp,Onyx Ultra Rare
20229,2022,9,Ioun Stone Fluorite Sphere,$85.00 ,Ioun Stone Fluorite Sphere,Onyx Ultra Rare
20229,2022,9,Lucky Charm,$105.00 ,Lucky Charm,Onyx Ultra Rare
20229,2022,9,Lucky Kilt,$70.00 ,Lucky Kilt,Onyx Ultra Rare
20229,2022,9,Ring of Havoc,$105.00 ,Ring of Havoc,Onyx Ultra Rare
20229,2022,9,Shirt of the Imbiber,$105.00 ,Shirt of the Imbiber,Onyx Ultra Rare
202210,2022,10,+2 Chaos Cannon,$90.00 ,+2 Chaos Cannon,Onyx Ultra Rare
202210,2022,10,+2 Mug of Battle,$100.00 ,+2 Mug of Battle,Onyx Ultra Rare
202210,2022,10,+2 Staff of Power,$95.00 ,+2 Staff of Power,Onyx Ultra Rare
202210,2022,10,Amulet of Aiming,$85.00 ,Amulet of Aiming,Onyx Ultra Rare
202210,2022,10,Bead of Focus,$110.00 ,Bead of Focus,Onyx Ultra Rare
202210,2022,10,Bead of Guided Strike,$115.00 ,Bead of Guided Strike,Onyx Ultra Rare
202210,2022,10,Belt of the Deadshot,$110.00 ,Belt of the Deadshot,Onyx Ultra Rare
202210,2022,10,Butterfly Cloak,$85.00 ,Butterfly Cloak,Onyx Ultra Rare
202210,2022,10,Charm Bracelets,$95.00 ,Charm Bracelets,Onyx Ultra Rare
202210,2022,10,Charm of Spell Storing,$110.00 ,Charm of Spell Storing,Onyx Ultra Rare
202210,2022,10,Death Knight Mail,$95.00 ,Death Knight Mail,Onyx Ultra Rare
202210,2022,10,Earcuff of the Ravager,$115.00 ,Earcuff of the Ravager,Onyx Ultra Rare
202210,2022,10,Gloves of the Deadshot,$110.00 ,Gloves of the Deadshot,Onyx Ultra Rare
202210,2022,10,Goggles of the Deadshot,$115.00 ,Goggles of the Deadshot,Onyx Ultra Rare
202210,2022,10,Harlax's Helpful Lamp,$90.00 ,Harlax's Helpful Lamp,Onyx Ultra Rare
202210,2022,10,Ioun Stone Fluorite Sphere,$105.00 ,Ioun Stone Fluorite Sphere,Onyx Ultra Rare
202210,2022,10,Lucky Charm,$105.00 ,Lucky Charm,Onyx Ultra Rare
202210,2022,10,Lucky Kilt,$105.00 ,Lucky Kilt,Onyx Ultra Rare
202210,2022,10,Ring of Havoc,$100.00 ,Ring of Havoc,Onyx Ultra Rare
202210,2022,10,Shirt of the Imbiber,$100.00 ,Shirt of the Imbiber,Onyx Ultra Rare
202212,2022,12,+2 Chaos Cannon,$75.00 ,+2 Chaos Cannon,Onyx Ultra Rare
202212,2022,12,+2 Mug of Battle,$95.00 ,+2 Mug of Battle,Onyx Ultra Rare
202212,2022,12,+2 Staff of Power,$100.00 ,+2 Staff of Power,Onyx Ultra Rare
202212,2022,12,Amulet of Aiming,$80.00 ,Amulet of Aiming,Onyx Ultra Rare
202212,2022,12,Bead of Focus,$105.00 ,Bead of Focus,Onyx Ultra Rare
202212,2022,12,Bead of Guided Strike,$105.00 ,Bead of Guided Strike,Onyx Ultra Rare
202212,2022,12,Belt of the Deadshot,$90.00 ,Belt of the Deadshot,Onyx Ultra Rare
202212,2022,12,Butterfly Cloak,$75.00 ,Butterfly Cloak,Onyx Ultra Rare
202212,2022,12,Charm Bracelets,$100.00 ,Charm Bracelets,Onyx Ultra Rare
202212,2022,12,Charm of Spell Storing,$110.00 ,Charm of Spell Storing,Onyx Ultra Rare
202212,2022,12,Death Knight Mail,$95.00 ,Death Knight Mail,Onyx Ultra Rare
202212,2022,12,Earcuff of the Ravager,$105.00 ,Earcuff of the Ravager,Onyx Ultra Rare
202212,2022,12,Gloves of the Deadshot,$90.00 ,Gloves of the Deadshot,Onyx Ultra Rare
202212,2022,12,Goggles of the Deadshot,$110.00 ,Goggles of the Deadshot,Onyx Ultra Rare
202212,2022,12,Harlax's Helpful Lamp,$100.00 ,Harlax's Helpful Lamp,Onyx Ultra Rare
202212,2022,12,Ioun Stone Fluorite Sphere,$105.00 ,Ioun Stone Fluorite Sphere,Onyx Ultra Rare
202212,2022,12,Lucky Charm,$95.00 ,Lucky Charm,Onyx Ultra Rare
202212,2022,12,Lucky Kilt,$90.00 ,Lucky Kilt,Onyx Ultra Rare
202212,2022,12,Ring of Havoc,$85.00 ,Ring of Havoc,Onyx Ultra Rare
202212,2022,12,Shirt of the Imbiber,$90.00 ,Shirt of the Imbiber,Onyx Ultra Rare
202213,2022,13,+2 Chaos Cannon,$87.00 ,+2 Chaos Cannon,Onyx Ultra Rare
202213,2022,13,+2 Mug of Battle,$70.00 ,+2 Mug of Battle,Onyx Ultra Rare
202213,2022,13,+2 Staff of Power,$97.00 ,+2 Staff of Power,Onyx Ultra Rare
202213,2022,13,Amulet of Aiming,$41.00 ,Amulet of Aiming,Onyx Ultra Rare
202213,2022,13,Bead of Focus,$107.00 ,Bead of Focus,Onyx Ultra Rare
202213,2022,13,Bead of Guided Strike,$100.00 ,Bead of Guided Strike,Onyx Ultra Rare
202213,2022,13,Belt of the Deadshot,$100.00 ,Belt of the Deadshot,Onyx Ultra Rare
202213,2022,13,Butterfly Cloak,$80.00 ,Butterfly Cloak,Onyx Ultra Rare
202213,2022,13,Charm Bracelets,$95.00 ,Charm Bracelets,Onyx Ultra Rare
202213,2022,13,Charm of Spell Storing,$105.00 ,Charm of Spell Storing,Onyx Ultra Rare
202213,2022,13,Death Knight Mail,$102.00 ,Death Knight Mail,Onyx Ultra Rare
202213,2022,13,Earcuff of the Ravager,$100.00 ,Earcuff of the Ravager,Onyx Ultra Rare
202213,2022,13,Gloves of the Deadshot,$95.00 ,Gloves of the Deadshot,Onyx Ultra Rare
202213,2022,13,Goggles of the Deadshot,$95.00 ,Goggles of the Deadshot,Onyx Ultra Rare
202213,2022,13,Harlax's Helpful Lamp,$108.00 ,Harlax's Helpful Lamp,Onyx Ultra Rare
202213,2022,13,Ioun Stone Fluorite Sphere,$90.00 ,Ioun Stone Fluorite Sphere,Onyx Ultra Rare
202213,2022,13,Lucky Charm,$97.00 ,Lucky Charm,Onyx Ultra Rare
202213,2022,13,Lucky Kilt,$85.00 ,Lucky Kilt,Onyx Ultra Rare
202213,2022,13,Ring of Havoc,$80.00 ,Ring of Havoc,Onyx Ultra Rare
202213,2022,13,Shirt of the Imbiber,$100.00 ,Shirt of the Imbiber,Onyx Ultra Rare
202214,2022,14,+2 Chaos Cannon,$100.00 ,+2 Chaos Cannon,Onyx Ultra Rare
202214,2022,14,+2 Mug of Battle,$100.00 ,+2 Mug of Battle,Onyx Ultra Rare
202214,2022,14,+2 Staff of Power,$97.00 ,+2 Staff of Power,Onyx Ultra Rare
202214,2022,14,Amulet of Aiming,$70.00 ,Amulet of Aiming,Onyx Ultra Rare
202214,2022,14,Bead of Focus,$110.00 ,Bead of Focus,Onyx Ultra Rare
202214,2022,14,Bead of Guided Strike,$85.00 ,Bead of Guided Strike,Onyx Ultra Rare
202214,2022,14,Belt of the Deadshot,$74.00 ,Belt of the Deadshot,Onyx Ultra Rare
202214,2022,14,Butterfly Cloak,$90.00 ,Butterfly Cloak,Onyx Ultra Rare
202214,2022,14,Charm Bracelets,$82.00 ,Charm Bracelets,Onyx Ultra Rare
202214,2022,14,Charm of Spell Storing,$110.00 ,Charm of Spell Storing,Onyx Ultra Rare
202214,2022,14,Death Knight Mail,$102.00 ,Death Knight Mail,Onyx Ultra Rare
202214,2022,14,Earcuff of the Ravager,$80.00 ,Earcuff of the Ravager,Onyx Ultra Rare
202214,2022,14,Gloves of the Deadshot,$74.00 ,Gloves of the Deadshot,Onyx Ultra Rare
202214,2022,14,Goggles of the Deadshot,$100.00 ,Goggles of the Deadshot,Onyx Ultra Rare
202214,2022,14,Harlax's Helpful Lamp,$113.00 ,Harlax's Helpful Lamp,Onyx Ultra Rare
202214,2022,14,Ioun Stone Fluorite Sphere,$85.00 ,Ioun Stone Fluorite Sphere,Onyx Ultra Rare
202214,2022,14,Lucky Charm,$97.00 ,Lucky Charm,Onyx Ultra Rare
202214,2022,14,Lucky Kilt,$62.00 ,Lucky Kilt,Onyx Ultra Rare
202214,2022,14,Ring of Havoc,$85.00 ,Ring of Havoc,Onyx Ultra Rare
202214,2022,14,Shirt of the Imbiber,$95.00 ,Shirt of the Imbiber,Onyx Ultra Rare
202215,2022,15,+2 Chaos Cannon,$85.00 ,+2 Chaos Cannon,Onyx Ultra Rare
202215,2022,15,+2 Mug of Battle,$100.00 ,+2 Mug of Battle,Onyx Ultra Rare
202215,2022,15,+2 Staff of Power,$100.00 ,+2 Staff of Power,Onyx Ultra Rare
202215,2022,15,Amulet of Aiming,$80.00 ,Amulet of Aiming,Onyx Ultra Rare
202215,2022,15,Bead of Focus,$100.00 ,Bead of Focus,Onyx Ultra Rare
202215,2022,15,Bead of Guided Strike,$100.00 ,Bead of Guided Strike,Onyx Ultra Rare
202215,2022,15,Belt of the Deadshot,$95.00 ,Belt of the Deadshot,Onyx Ultra Rare
202215,2022,15,Butterfly Cloak,$85.00 ,Butterfly Cloak,Onyx Ultra Rare
202215,2022,15,Charm Bracelets,$100.00 ,Charm Bracelets,Onyx Ultra Rare
202215,2022,15,Charm of Spell Storing,$100.00 ,Charm of Spell Storing,Onyx Ultra Rare
202215,2022,15,Death Knight Mail,$95.00 ,Death Knight Mail,Onyx Ultra Rare
202215,2022,15,Earcuff of the Ravager,$85.00 ,Earcuff of the Ravager,Onyx Ultra Rare
202215,2022,15,Gloves of the Deadshot,$95.00 ,Gloves of the Deadshot,Onyx Ultra Rare
202215,2022,15,Goggles of the Deadshot,$95.00 ,Goggles of the Deadshot,Onyx Ultra Rare
202215,2022,15,Harlax's Helpful Lamp,$105.00 ,Harlax's Helpful Lamp,Onyx Ultra Rare
202215,2022,15,Ioun Stone Fluorite Sphere,$90.00 ,Ioun Stone Fluorite Sphere,Onyx Ultra Rare
202215,2022,15,Lucky Charm,$95.00 ,Lucky Charm,Onyx Ultra Rare
202215,2022,15,Lucky Kilt,$95.00 ,Lucky Kilt,Onyx Ultra Rare
202215,2022,15,Ring of Havoc,$90.00 ,Ring of Havoc,Onyx Ultra Rare
202215,2022,15,Shirt of the Imbiber,$95.00 ,Shirt of the Imbiber,Onyx Ultra Rare
202219,2022,19,+2 Chaos Cannon,$75.00 ,+2 Chaos Cannon,Onyx Ultra Rare
202219,2022,19,+2 Mug of Battle,$95.00 ,+2 Mug of Battle,Onyx Ultra Rare
202219,2022,19,+2 Staff of Power,$90.00 ,+2 Staff of Power,Onyx Ultra Rare
202219,2022,19,Amulet of Aiming,$95.00 ,Amulet of Aiming,Onyx Ultra Rare
202219,2022,19,Bead of Focus,$105.00 ,Bead of Focus,Onyx Ultra Rare
202219,2022,19,Bead of Guided Strike,$100.00 ,Bead of Guided Strike,Onyx Ultra Rare
202219,2022,19,Belt of the Deadshot,$115.00 ,Belt of the Deadshot,Onyx Ultra Rare
202219,2022,19,Butterfly Cloak,$80.00 ,Butterfly Cloak,Onyx Ultra Rare
202219,2022,19,Charm Bracelets,$90.00 ,Charm Bracelets,Onyx Ultra Rare
202219,2022,19,Charm of Spell Storing,$105.00 ,Charm of Spell Storing,Onyx Ultra Rare
202219,2022,19,Death Knight Mail,$85.00 ,Death Knight Mail,Onyx Ultra Rare
202219,2022,19,Earcuff of the Ravager,$95.00 ,Earcuff of the Ravager,Onyx Ultra Rare
202219,2022,19,Gloves of the Deadshot,$100.00 ,Gloves of the Deadshot,Onyx Ultra Rare
202219,2022,19,Goggles of the Deadshot,$100.00 ,Goggles of the Deadshot,Onyx Ultra Rare
202219,2022,19,Harlax's Helpful Lamp,$105.00 ,Harlax's Helpful Lamp,Onyx Ultra Rare
202219,2022,19,Ioun Stone Fluorite Sphere,$95.00 ,Ioun Stone Fluorite Sphere,Onyx Ultra Rare
202219,2022,19,Lucky Charm,$100.00 ,Lucky Charm,Onyx Ultra Rare
202219,2022,19,Lucky Kilt,$65.00 ,Lucky Kilt,Onyx Ultra Rare
202219,2022,19,Ring of Havoc,$95.00 ,Ring of Havoc,Onyx Ultra Rare
202219,2022,19,Shirt of the Imbiber,$100.00 ,Shirt of the Imbiber,Onyx Ultra Rare
202219,2022,19,+2 Chaos Cannon,$55.00 ,+2 Chaos Cannon,Onyx Ultra Rare
202219,2022,19,+2 Mug of Battle,$80.00 ,+2 Mug of Battle,Onyx Ultra Rare
202219,2022,19,+2 Staff of Power,$75.00 ,+2 Staff of Power,Onyx Ultra Rare
202219,2022,19,Amulet of Aiming,$90.00 ,Amulet of Aiming,Onyx Ultra Rare
202219,2022,19,Bead of Focus,$100.00 ,Bead of Focus,Onyx Ultra Rare
202219,2022,19,Bead of Guided Strike,$85.00 ,Bead of Guided Strike,Onyx Ultra Rare
202219,2022,19,Belt of the Deadshot,$75.00 ,Belt of the Deadshot,Onyx Ultra Rare
202219,2022,19,Butterfly Cloak,$70.00 ,Butterfly Cloak,Onyx Ultra Rare
202219,2022,19,Charm Bracelets,$90.00 ,Charm Bracelets,Onyx Ultra Rare
202219,2022,19,Charm of Spell Storing,$90.00 ,Charm of Spell Storing,Onyx Ultra Rare
202219,2022,19,Death Knight Mail,$70.00 ,Death Knight Mail,Onyx Ultra Rare
202219,2022,19,Earcuff of the Ravager,$90.00 ,Earcuff of the Ravager,Onyx Ultra Rare
202219,2022,19,Gloves of the Deadshot,$55.00 ,Gloves of the Deadshot,Onyx Ultra Rare
202219,2022,19,Goggles of the Deadshot,$80.00 ,Goggles of the Deadshot,Onyx Ultra Rare
202219,2022,19,Harlax's Helpful Lamp,$90.00 ,Harlax's Helpful Lamp,Onyx Ultra Rare
202219,2022,19,Ioun Stone Fluorite Sphere,$70.00 ,Ioun Stone Fluorite Sphere,Onyx Ultra Rare
202219,2022,19,Lucky Charm,$90.00 ,Lucky Charm,Onyx Ultra Rare
202219,2022,19,Lucky Kilt,$90.00 ,Lucky Kilt,Onyx Ultra Rare
202219,2022,19,Ring of Havoc,$85.00 ,Ring of Havoc,Onyx Ultra Rare
202219,2022,19,Shirt of the Imbiber,$85.00 ,Shirt of the Imbiber,Onyx Ultra Rare
202221,2022,21,+2 Chaos Cannon,$75.00 ,+2 Chaos Cannon,Onyx Ultra Rare
202221,2022,21,+2 Mug of Battle,$100.00 ,+2 Mug of Battle,Onyx Ultra Rare
202221,2022,21,+2 Staff of Power,$105.00 ,+2 Staff of Power,Onyx Ultra Rare
202221,2022,21,Amulet of Aiming,$95.00 ,Amulet of Aiming,Onyx Ultra Rare
202221,2022,21,Bead of Focus,$115.00 ,Bead of Focus,Onyx Ultra Rare
202221,2022,21,Bead of Guided Strike,$105.00 ,Bead of Guided Strike,Onyx Ultra Rare
202221,2022,21,Belt of the Deadshot,$115.00 ,Belt of the Deadshot,Onyx Ultra Rare
202221,2022,21,Butterfly Cloak,$85.00 ,Butterfly Cloak,Onyx Ultra Rare
202221,2022,21,Charm Bracelets,$95.00 ,Charm Bracelets,Onyx Ultra Rare
202221,2022,21,Charm of Spell Storing,$115.00 ,Charm of Spell Storing,Onyx Ultra Rare
202221,2022,21,Death Knight Mail,$100.00 ,Death Knight Mail,Onyx Ultra Rare
202221,2022,21,Earcuff of the Ravager,$115.00 ,Earcuff of the Ravager,Onyx Ultra Rare
202221,2022,21,Gloves of the Deadshot,$115.00 ,Gloves of the Deadshot,Onyx Ultra Rare
202221,2022,21,Goggles of the Deadshot,$115.00 ,Goggles of the Deadshot,Onyx Ultra Rare
202221,2022,21,Harlax's Helpful Lamp,$105.00 ,Harlax's Helpful Lamp,Onyx Ultra Rare
202221,2022,21,Ioun Stone Fluorite Sphere,$105.00 ,Ioun Stone Fluorite Sphere,Onyx Ultra Rare
202221,2022,21,Lucky Charm,$100.00 ,Lucky Charm,Onyx Ultra Rare
202221,2022,21,Lucky Kilt,$70.00 ,Lucky Kilt,Onyx Ultra Rare
202221,2022,21,Ring of Havoc,$95.00 ,Ring of Havoc,Onyx Ultra Rare
202221,2022,21,Shirt of the Imbiber,$110.00 ,Shirt of the Imbiber,Onyx Ultra Rare
202222,2022,22,+2 Chaos Cannon,$90.00 ,+2 Chaos Cannon,Onyx Ultra Rare
202222,2022,22,+2 Mug of Battle,$90.00 ,+2 Mug of Battle,Onyx Ultra Rare
202222,2022,22,+2 Staff of Power,$105.00 ,+2 Staff of Power,Onyx Ultra Rare
202222,2022,22,Amulet of Aiming,$65.00 ,Amulet of Aiming,Onyx Ultra Rare
202222,2022,22,Bead of Focus,$95.00 ,Bead of Focus,Onyx Ultra Rare
202222,2022,22,Bead of Guided Strike,$95.00 ,Bead of Guided Strike,Onyx Ultra Rare
202222,2022,22,Belt of the Deadshot,$100.00 ,Belt of the Deadshot,Onyx Ultra Rare
202222,2022,22,Butterfly Cloak,$95.00 ,Butterfly Cloak,Onyx Ultra Rare
202222,2022,22,Charm Bracelets,$95.00 ,Charm Bracelets,Onyx Ultra Rare
202222,2022,22,Charm of Spell Storing,$95.00 ,Charm of Spell Storing,Onyx Ultra Rare
202222,2022,22,Death Knight Mail,$85.00 ,Death Knight Mail,Onyx Ultra Rare
202222,2022,22,Earcuff of the Ravager,$85.00 ,Earcuff of the Ravager,Onyx Ultra Rare
202222,2022,22,Gloves of the Deadshot,$80.00 ,Gloves of the Deadshot,Onyx Ultra Rare
202222,2022,22,Goggles of the Deadshot,$95.00 ,Goggles of the Deadshot,Onyx Ultra Rare
202222,2022,22,Harlax's Helpful Lamp,$100.00 ,Harlax's Helpful Lamp,Onyx Ultra Rare
202222,2022,22,Ioun Stone Fluorite Sphere,$95.00 ,Ioun Stone Fluorite Sphere,Onyx Ultra Rare
202222,2022,22,Lucky Charm,$90.00 ,Lucky Charm,Onyx Ultra Rare
202222,2022,22,Lucky Kilt,$70.00 ,Lucky Kilt,Onyx Ultra Rare
202222,2022,22,Ring of Havoc,$85.00 ,Ring of Havoc,Onyx Ultra Rare
202222,2022,22,Shirt of the Imbiber,$95.00 ,Shirt of the Imbiber,Onyx Ultra Rare
202224,2022,24,+2 Chaos Cannon,$80.00 ,+2 Chaos Cannon,Onyx Ultra Rare
202224,2022,24,+2 Mug of Battle,$90.00 ,+2 Mug of Battle,Onyx Ultra Rare
202224,2022,24,+2 Staff of Power,$100.00 ,+2 Staff of Power,Onyx Ultra Rare
202224,2022,24,Amulet of Aiming,$70.00 ,Amulet of Aiming,Onyx Ultra Rare
202224,2022,24,Bead of Focus,$100.00 ,Bead of Focus,Onyx Ultra Rare
202224,2022,24,Bead of Guided Strike,$90.00 ,Bead of Guided Strike,Onyx Ultra Rare
202224,2022,24,Belt of the Deadshot,$90.00 ,Belt of the Deadshot,Onyx Ultra Rare
202224,2022,24,Butterfly Cloak,$60.00 ,Butterfly Cloak,Onyx Ultra Rare
202224,2022,24,Charm Bracelets,$85.00 ,Charm Bracelets,Onyx Ultra Rare
202224,2022,24,Charm of Spell Storing,$100.00 ,Charm of Spell Storing,Onyx Ultra Rare
202224,2022,24,Death Knight Mail,$75.00 ,Death Knight Mail,Onyx Ultra Rare
202224,2022,24,Earcuff of the Ravager,$95.00 ,Earcuff of the Ravager,Onyx Ultra Rare
202224,2022,24,Gloves of the Deadshot,$80.00 ,Gloves of the Deadshot,Onyx Ultra Rare
202224,2022,24,Goggles of the Deadshot,$90.00 ,Goggles of the Deadshot,Onyx Ultra Rare
202224,2022,24,Harlax's Helpful Lamp,$90.00 ,Harlax's Helpful Lamp,Onyx Ultra Rare
202224,2022,24,Ioun Stone Fluorite Sphere,$85.00 ,Ioun Stone Fluorite Sphere,Onyx Ultra Rare
202224,2022,24,Lucky Charm,$85.00 ,Lucky Charm,Onyx Ultra Rare
202224,2022,24,Lucky Kilt,$60.00 ,Lucky Kilt,Onyx Ultra Rare
202224,2022,24,Ring of Havoc,$90.00 ,Ring of Havoc,Onyx Ultra Rare
202224,2022,24,Shirt of the Imbiber,$95.00 ,Shirt of the Imbiber,Onyx Ultra Rare
202245,2022,45,+2 Chaos Cannon,$75.00 ,+2 Chaos Cannon,Onyx Ultra Rare
202245,2022,45,+2 Mug of Battle,$85.00 ,+2 Mug of Battle,Onyx Ultra Rare
202245,2022,45,+2 Staff of Power,$80.00 ,+2 Staff of Power,Onyx Ultra Rare
202245,2022,45,Amulet of Aiming,$55.00 ,Amulet of Aiming,Onyx Ultra Rare
202245,2022,45,Bead of Focus,$85.00 ,Bead of Focus,Onyx Ultra Rare
202245,2022,45,Bead of Guided Strike,$85.00 ,Bead of Guided Strike,Onyx Ultra Rare
202245,2022,45,Belt of the Deadshot,$80.00 ,Belt of the Deadshot,Onyx Ultra Rare
202245,2022,45,Butterfly Cloak,$65.00 ,Butterfly Cloak,Onyx Ultra Rare
202245,2022,45,Charm Bracelets,$85.00 ,Charm Bracelets,Onyx Ultra Rare
202245,2022,45,Charm of Spell Storing,$95.00 ,Charm of Spell Storing,Onyx Ultra Rare
202245,2022,45,Death Knight Mail,$85.00 ,Death Knight Mail,Onyx Ultra Rare
202245,2022,45,Earcuff of the Ravager,$85.00 ,Earcuff of the Ravager,Onyx Ultra Rare
202245,2022,45,Gloves of the Deadshot,$80.00 ,Gloves of the Deadshot,Onyx Ultra Rare
202245,2022,45,Goggles of the Deadshot,$80.00 ,Goggles of the Deadshot,Onyx Ultra Rare
202245,2022,45,Harlax's Helpful Lamp,$100.00 ,Harlax's Helpful Lamp,Onyx Ultra Rare
202245,2022,45,Ioun Stone Fluorite Sphere,$70.00 ,Ioun Stone Fluorite Sphere,Onyx Ultra Rare
202245,2022,45,Lucky Charm,$85.00 ,Lucky Charm,Onyx Ultra Rare
202245,2022,45,Lucky Kilt,$80.00 ,Lucky Kilt,Onyx Ultra Rare
202245,2022,45,Ring of Havoc,$85.00 ,Ring of Havoc,Onyx Ultra Rare
202245,2022,45,Shirt of the Imbiber,$80.00 ,Shirt of the Imbiber,Onyx Ultra Rare
20231,2023,1,C/UC/R Set,$75.00 ,C/UC/R Set,Onyx Ultra Rare
20231,2023,1,+2 Sacred Sling,$75.00 ,+2 Sacred Sling,Onyx Ultra Rare
20231,2023,1,+2 Sun Scimitar,$75.00 ,+2 Sun Scimitar,Onyx Ultra Rare
20231,2023,1,Arcane Charm,$100.00 ,Arcane Charm,Onyx Ultra Rare
20231,2023,1,Bead of Bounty,$105.00 ,Bead of Bounty,Onyx Ultra Rare
20231,2023,1,Bead of Dark Resistance,$80.00 ,Bead of Dark Resistance,Onyx Ultra Rare
20231,2023,1,Boots of Puhweehwa,$80.00 ,Boots of Puhweehwa,Onyx Ultra Rare
20231,2023,1,Cloak of Retribution,$85.00 ,Cloak of Retribution,Onyx Ultra Rare
20231,2023,1,Druegar's Death Die,$110.00 ,Druegar's Death Die,Onyx Ultra Rare
20231,2023,1,Earcuff of Orbits,$100.00 ,Earcuff of Orbits,Onyx Ultra Rare
20231,2023,1,Figurine of Power: Phoenix,$90.00 ,Figurine of Power: Phoenix,Onyx Ultra Rare
20231,2023,1,Gauntlets of Divine Guidance,$85.00 ,Gauntlets of Divine Guidance,Onyx Ultra Rare
20231,2023,1,Greaves of Absorption,$110.00 ,Greaves of Absorption,Onyx Ultra Rare
20231,2023,1,Grunnel's Funnel,$90.00 ,Grunnel's Funnel,Onyx Ultra Rare
20231,2023,1,Ioun Stone Kyanite Cube,$90.00 ,Ioun Stone Kyanite Cube,Onyx Ultra Rare
20231,2023,1,Lenses of Flawsight,$95.00 ,Lenses of Flawsight,Onyx Ultra Rare
20231,2023,1,Necklace of the Zephyr,$70.00 ,Necklace of the Zephyr,Onyx Ultra Rare
20231,2023,1,Ring of the Savant,$80.00 ,Ring of the Savant,Onyx Ultra Rare
20231,2023,1,Robe of Healing,$55.00 ,Robe of Healing,Onyx Ultra Rare
20231,2023,1,Shirt of the Shrewd,$90.00 ,Shirt of the Shrewd,Onyx Ultra Rare
20231,2023,1,Tome of Useful Scrolls,$95.00 ,Tome of Useful Scrolls,Onyx Ultra Rare
20232,2023,2,+2 Sacred Sling,$80.00 ,+2 Sacred Sling,Onyx Ultra Rare
20232,2023,2,+2 Sun Scimitar,$80.00 ,+2 Sun Scimitar,Onyx Ultra Rare
20232,2023,2,Arcane Charm,$95.00 ,Arcane Charm,Onyx Ultra Rare
20232,2023,2,Bead of Bounty,$95.00 ,Bead of Bounty,Onyx Ultra Rare
20232,2023,2,Bead of Dark Resistance,$80.00 ,Bead of Dark Resistance,Onyx Ultra Rare
20232,2023,2,Boots of Puhweehwa,$55.00 ,Boots of Puhweehwa,Onyx Ultra Rare
20232,2023,2,Cloak of Retribution,$75.00 ,Cloak of Retribution,Onyx Ultra Rare
20232,2023,2,Druegar's Death Die,$90.00 ,Druegar's Death Die,Onyx Ultra Rare
20232,2023,2,Earcuff of Orbits,$105.00 ,Earcuff of Orbits,Onyx Ultra Rare
20232,2023,2,Figurine of Power: Phoenix,$90.00 ,Figurine of Power: Phoenix,Onyx Ultra Rare
20232,2023,2,Gauntlets of Divine Guidance,$85.00 ,Gauntlets of Divine Guidance,Onyx Ultra Rare
20232,2023,2,Greaves of Absorption,$90.00 ,Greaves of Absorption,Onyx Ultra Rare
20232,2023,2,Grunnel's Funnel,$90.00 ,Grunnel's Funnel,Onyx Ultra Rare
20232,2023,2,Ioun Stone Kyanite Cube,$90.00 ,Ioun Stone Kyanite Cube,Onyx Ultra Rare
20232,2023,2,Lenses of Flawsight,$75.00 ,Lenses of Flawsight,Onyx Ultra Rare
20232,2023,2,Necklace of the Zephyr,$70.00 ,Necklace of the Zephyr,Onyx Ultra Rare
20232,2023,2,Ring of the Savant,$80.00 ,Ring of the Savant,Onyx Ultra Rare
20232,2023,2,Robe of Healing,$80.00 ,Robe of Healing,Onyx Ultra Rare
20232,2023,2,Shirt of the Shrewd,$90.00 ,Shirt of the Shrewd,Onyx Ultra Rare
20232,2023,2,Tome of Useful Scrolls,$95.00 ,Tome of Useful Scrolls,Onyx Ultra Rare
20232,2023,2,C/UC/R Set,$75.00 ,C/UC/R Set,Onyx Ultra Rare
20237,2023,7,C/UC/R Set,$135.00 ,C/UC/R Set,Onyx Ultra Rare
20237,2023,7,+2 Sacred Sling,$80.00 ,+2 Sacred Sling,Onyx Ultra Rare
20237,2023,7,+2 Sun Scimitar,$85.00 ,+2 Sun Scimitar,Onyx Ultra Rare
20237,2023,7,Arcane Charm,$95.00 ,Arcane Charm,Onyx Ultra Rare
20237,2023,7,Bead of Bounty,$105.00 ,Bead of Bounty,Onyx Ultra Rare
20237,2023,7,Bead of Dark Resistance,$90.00 ,Bead of Dark Resistance,Onyx Ultra Rare
20237,2023,7,Boots of Puhweehwa,$80.00 ,Boots of Puhweehwa,Onyx Ultra Rare
20237,2023,7,Cloak of Retribution,$75.00 ,Cloak of Retribution,Onyx Ultra Rare
20237,2023,7,Druegar's Death Die,$100.00 ,Druegar's Death Die,Onyx Ultra Rare
20237,2023,7,Earcuff of Orbits,$105.00 ,Earcuff of Orbits,Onyx Ultra Rare
20237,2023,7,Figurine of Power: Phoenix,$95.00 ,Figurine of Power: Phoenix,Onyx Ultra Rare
20237,2023,7,Gauntlets of Divine Guidance,$80.00 ,Gauntlets of Divine Guidance,Onyx Ultra Rare
20237,2023,7,Greaves of Absorption,$100.00 ,Greaves of Absorption,Onyx Ultra Rare
20237,2023,7,Grunnel's Funnel,$100.00 ,Grunnel's Funnel,Onyx Ultra Rare
20237,2023,7,Ioun Stone Kyanite Cube,$95.00 ,Ioun Stone Kyanite Cube,Onyx Ultra Rare
20237,2023,7,Lenses of Flawsight,$87.00 ,Lenses of Flawsight,Onyx Ultra Rare
20237,2023,7,Necklace of the Zephyr,$60.00 ,Necklace of the Zephyr,Onyx Ultra Rare
20237,2023,7,Ring of the Savant,$90.00 ,Ring of the Savant,Onyx Ultra Rare
20237,2023,7,Robe of Healing,$65.00 ,Robe of Healing,Onyx Ultra Rare
20237,2023,7,Shirt of the Shrewd,$105.00 ,Shirt of the Shrewd,Onyx Ultra Rare
20237,2023,7,Tome of Useful Scrolls,$100.00 ,Tome of Useful Scrolls,Onyx Ultra Rare
20238,2023,8,+2 Sacred Sling,$75.00 ,+2 Sacred Sling,Onyx Ultra Rare
20238,2023,8,+2 Sun Scimitar,$90.00 ,+2 Sun Scimitar,Onyx Ultra Rare
20238,2023,8,Arcane Charm,$95.00 ,Arcane Charm,Onyx Ultra Rare
20238,2023,8,Bead of Bounty,$105.00 ,Bead of Bounty,Onyx Ultra Rare
20238,2023,8,Bead of Dark Resistance,$85.00 ,Bead of Dark Resistance,Onyx Ultra Rare
20238,2023,8,Boots of Puhweehwa,$60.00 ,Boots of Puhweehwa,Onyx Ultra Rare
20238,2023,8,Cloak of Retribution,$65.00 ,Cloak of Retribution,Onyx Ultra Rare
20238,2023,8,Druegar's Death Die,$115.00 ,Druegar's Death Die,Onyx Ultra Rare
20238,2023,8,Earcuff of Orbits,$100.00 ,Earcuff of Orbits,Onyx Ultra Rare
20238,2023,8,Figurine of Power: Phoenix,$90.00 ,Figurine of Power: Phoenix,Onyx Ultra Rare
20238,2023,8,Gauntlets of Divine Guidance,$70.00 ,Gauntlets of Divine Guidance,Onyx Ultra Rare
20238,2023,8,Greaves of Absorption,$110.00 ,Greaves of Absorption,Onyx Ultra Rare
20238,2023,8,Grunnel's Funnel,$85.00 ,Grunnel's Funnel,Onyx Ultra Rare
20238,2023,8,Ioun Stone Kyanite Cube,$90.00 ,Ioun Stone Kyanite Cube,Onyx Ultra Rare
20238,2023,8,Lenses of Flawsight,$90.00 ,Lenses of Flawsight,Onyx Ultra Rare
20238,2023,8,Necklace of the Zephyr,$75.00 ,Necklace of the Zephyr,Onyx Ultra Rare
20238,2023,8,Ring of the Savant,$80.00 ,Ring of the Savant,Onyx Ultra Rare
20238,2023,8,Robe of Healing,$65.00 ,Robe of Healing,Onyx Ultra Rare
20238,2023,8,Shirt of the Shrewd,$95.00 ,Shirt of the Shrewd,Onyx Ultra Rare
20238,2023,8,Tome of Useful Scrolls,$85.00 ,Tome of Useful Scrolls,Onyx Ultra Rare
20238,2023,8,C/UC/R Set,$85.00 ,C/UC/R Set,Onyx Ultra Rare
202313,2023,13,+2 Sacred Sling,$75.00 ,+2 Sacred Sling,Onyx Ultra Rare
202313,2023,13,+2 Sun Scimitar,$70.00 ,+2 Sun Scimitar,Onyx Ultra Rare
202313,2023,13,Arcane Charm,$85.00 ,Arcane Charm,Onyx Ultra Rare
202313,2023,13,Bead of Bounty,$105.00 ,Bead of Bounty,Onyx Ultra Rare
202313,2023,13,Bead of Dark Resistance,$75.00 ,Bead of Dark Resistance,Onyx Ultra Rare
202313,2023,13,Boots of Puhweehwa,$70.00 ,Boots of Puhweehwa,Onyx Ultra Rare
202313,2023,13,Cloak of Retribution,$75.00 ,Cloak of Retribution,Onyx Ultra Rare
202313,2023,13,Druegar's Death Die,$100.00 ,Druegar's Death Die,Onyx Ultra Rare
202313,2023,13,Earcuff of Orbits,$95.00 ,Earcuff of Orbits,Onyx Ultra Rare
202313,2023,13,Figurine of Power: Phoenix,$90.00 ,Figurine of Power: Phoenix,Onyx Ultra Rare
202313,2023,13,Gauntlets of Divine Guidance,$75.00 ,Gauntlets of Divine Guidance,Onyx Ultra Rare
202313,2023,13,Greaves of Absorption,$115.00 ,Greaves of Absorption,Onyx Ultra Rare
202313,2023,13,Grunnel's Funnel,$85.00 ,Grunnel's Funnel,Onyx Ultra Rare
202313,2023,13,Ioun Stone Kyanite Cube,$95.00 ,Ioun Stone Kyanite Cube,Onyx Ultra Rare
202313,2023,13,Lenses of Flawsight,$55.00 ,Lenses of Flawsight,Onyx Ultra Rare
202313,2023,13,Necklace of the Zephyr,$65.00 ,Necklace of the Zephyr,Onyx Ultra Rare
202313,2023,13,Ring of the Savant,$55.00 ,Ring of the Savant,Onyx Ultra Rare
202313,2023,13,Robe of Healing,$55.00 ,Robe of Healing,Onyx Ultra Rare
202313,2023,13,Shirt of the Shrewd,$95.00 ,Shirt of the Shrewd,Onyx Ultra Rare
202313,2023,13,Tome of Useful Scrolls,$80.00 ,Tome of Useful Scrolls,Onyx Ultra Rare
202313,2023,13,C/UC/R Set,$90.00 ,C/UC/R Set,Onyx Ultra Rare
202329,2023,29,C/UC/R Set,$90.00 ,C/UC/R Set,Onyx Ultra Rare
202329,2023,29,+2 Sacred Sling,$80.00 ,+2 Sacred Sling,Onyx Ultra Rare
202329,2023,29,+2 Sun Scimitar,$90.00 ,+2 Sun Scimitar,Onyx Ultra Rare
202329,2023,29,Arcane Charm,$90.00 ,Arcane Charm,Onyx Ultra Rare
202329,2023,29,Bead of Bounty,$105.00 ,Bead of Bounty,Onyx Ultra Rare
202329,2023,29,Bead of Dark Resistance,$90.00 ,Bead of Dark Resistance,Onyx Ultra Rare
202329,2023,29,Boots of Puhweehwa,$80.00 ,Boots of Puhweehwa,Onyx Ultra Rare
202329,2023,29,Cloak of Retribution,$80.00 ,Cloak of Retribution,Onyx Ultra Rare
202329,2023,29,Druegar's Death Die,$85.00 ,Druegar's Death Die,Onyx Ultra Rare
202329,2023,29,Earcuff of Orbits,$100.00 ,Earcuff of Orbits,Onyx Ultra Rare
202329,2023,29,Figurine of Power: Phoenix,$90.00 ,Figurine of Power: Phoenix,Onyx Ultra Rare
202329,2023,29,Gauntlets of Divine Guidance,$80.00 ,Gauntlets of Divine Guidance,Onyx Ultra Rare
202329,2023,29,Greaves of Absorption,$90.00 ,Greaves of Absorption,Onyx Ultra Rare
202329,2023,29,Grunnel's Funnel,$85.00 ,Grunnel's Funnel,Onyx Ultra Rare
202329,2023,29,Ioun Stone Kyanite Cube,$85.00 ,Ioun Stone Kyanite Cube,Onyx Ultra Rare
202329,2023,29,Lenses of Flawsight,$80.00 ,Lenses of Flawsight,Onyx Ultra Rare
202329,2023,29,Necklace of the Zephyr,$80.00 ,Necklace of the Zephyr,Onyx Ultra Rare
202329,2023,29,Ring of the Savant,$80.00 ,Ring of the Savant,Onyx Ultra Rare
202329,2023,29,Robe of Healing,$80.00 ,Robe of Healing,Onyx Ultra Rare
202329,2023,29,Shirt of the Shrewd,$90.00 ,Shirt of the Shrewd,Onyx Ultra Rare
202329,2023,29,Tome of Useful Scrolls,$80.00 ,Tome of Useful Scrolls,Onyx Ultra Rare
202331,2023,31,C/UC/R Set,$95.00 ,C/UC/R Set,Onyx Ultra Rare
202331,2023,31,+2 Sacred Sling,$85.00 ,+2 Sacred Sling,Onyx Ultra Rare
202331,2023,31,+2 Sun Scimitar,$90.00 ,+2 Sun Scimitar,Onyx Ultra Rare
202331,2023,31,Arcane Charm,$90.00 ,Arcane Charm,Onyx Ultra Rare
202331,2023,31,Bead of Bounty,$100.00 ,Bead of Bounty,Onyx Ultra Rare
202331,2023,31,Bead of Dark Resistance,$90.00 ,Bead of Dark Resistance,Onyx Ultra Rare
202331,2023,31,Boots of Puhweehwa,$85.00 ,Boots of Puhweehwa,Onyx Ultra Rare
202331,2023,31,Cloak of Retribution,$90.00 ,Cloak of Retribution,Onyx Ultra Rare
202331,2023,31,Druegar's Death Die,$95.00 ,Druegar's Death Die,Onyx Ultra Rare
202331,2023,31,Earcuff of Orbits,$95.00 ,Earcuff of Orbits,Onyx Ultra Rare
202331,2023,31,Figurine of Power: Phoenix,$80.00 ,Figurine of Power: Phoenix,Onyx Ultra Rare
202331,2023,31,Gauntlets of Divine Guidance,$65.00 ,Gauntlets of Divine Guidance,Onyx Ultra Rare
202331,2023,31,Greaves of Absorption,$105.00 ,Greaves of Absorption,Onyx Ultra Rare
202331,2023,31,Grunnel's Funnel,$90.00 ,Grunnel's Funnel,Onyx Ultra Rare
202331,2023,31,Ioun Stone Kyanite Cube,$90.00 ,Ioun Stone Kyanite Cube,Onyx Ultra Rare
202331,2023,31,Lenses of Flawsight,$80.00 ,Lenses of Flawsight,Onyx Ultra Rare
202331,2023,31,Necklace of the Zephyr,$85.00 ,Necklace of the Zephyr,Onyx Ultra Rare
202331,2023,31,Ring of the Savant,$70.00 ,Ring of the Savant,Onyx Ultra Rare
202331,2023,31,Robe of Healing,$60.00 ,Robe of Healing,Onyx Ultra Rare
202331,2023,31,Shirt of the Shrewd,$90.00 ,Shirt of the Shrewd,Onyx Ultra Rare
202331,2023,31,Tome of Useful Scrolls,$90.00 ,Tome of Useful Scrolls,Onyx Ultra Rare
202333,2023,33,C/UC/R Set,$90.00 ,C/UC/R Set,Onyx Ultra Rare
202333,2023,33,+2 Sacred Sling,$60.00 ,+2 Sacred Sling,Onyx Ultra Rare
202333,2023,33,+2 Sun Scimitar,$75.00 ,+2 Sun Scimitar,Onyx Ultra Rare
202333,2023,33,Arcane Charm,$85.00 ,Arcane Charm,Onyx Ultra Rare
202333,2023,33,Bead of Bounty,$100.00 ,Bead of Bounty,Onyx Ultra Rare
202333,2023,33,Bead of Dark Resistance,$85.00 ,Bead of Dark Resistance,Onyx Ultra Rare
202333,2023,33,Boots of Puhweehwa,$70.00 ,Boots of Puhweehwa,Onyx Ultra Rare
202333,2023,33,Cloak of Retribution,$75.00 ,Cloak of Retribution,Onyx Ultra Rare
202333,2023,33,Druegar's Death Die,$100.00 ,Druegar's Death Die,Onyx Ultra Rare
202333,2023,33,Earcuff of Orbits,$90.00 ,Earcuff of Orbits,Onyx Ultra Rare
202333,2023,33,Figurine of Power: Phoenix,$90.00 ,Figurine of Power: Phoenix,Onyx Ultra Rare
202333,2023,33,Gauntlets of Divine Guidance,$70.00 ,Gauntlets of Divine Guidance,Onyx Ultra Rare
202333,2023,33,Greaves of Absorption,$115.00 ,Greaves of Absorption,Onyx Ultra Rare
202333,2023,33,Grunnel's Funnel,$80.00 ,Grunnel's Funnel,Onyx Ultra Rare
202333,2023,33,Ioun Stone Kyanite Cube,$95.00 ,Ioun Stone Kyanite Cube,Onyx Ultra Rare
202333,2023,33,Lenses of Flawsight,$75.00 ,Lenses of Flawsight,Onyx Ultra Rare
202333,2023,33,Necklace of the Zephyr,$60.00 ,Necklace of the Zephyr,Onyx Ultra Rare
202333,2023,33,Ring of the Savant,$70.00 ,Ring of the Savant,Onyx Ultra Rare
202333,2023,33,Robe of Healing,$60.00 ,Robe of Healing,Onyx Ultra Rare
202333,2023,33,Shirt of the Shrewd,$95.00 ,Shirt of the Shrewd,Onyx Ultra Rare
202333,2023,33,Tome of Useful Scrolls,$80.00 ,Tome of Useful Scrolls,Onyx Ultra Rare
202335,2023,35,C/UC/R Set,$105.00 ,C/UC/R Set,Onyx Ultra Rare
202335,2023,35,+2 Sacred Sling,$70.00 ,+2 Sacred Sling,Onyx Ultra Rare
202335,2023,35,+2 Sun Scimitar,$80.00 ,+2 Sun Scimitar,Onyx Ultra Rare
202335,2023,35,Arcane Charm,$95.00 ,Arcane Charm,Onyx Ultra Rare
202335,2023,35,Bead of Bounty,$111.00 ,Bead of Bounty,Onyx Ultra Rare
202335,2023,35,Bead of Dark Resistance,$96.50 ,Bead of Dark Resistance,Onyx Ultra Rare
202335,2023,35,Boots of Puhweehwa,$55.00 ,Boots of Puhweehwa,Onyx Ultra Rare
202335,2023,35,Cloak of Retribution,$80.00 ,Cloak of Retribution,Onyx Ultra Rare
202335,2023,35,Druegar's Death Die,$85.69 ,Druegar's Death Die,Onyx Ultra Rare
202335,2023,35,Earcuff of Orbits,$95.00 ,Earcuff of Orbits,Onyx Ultra Rare
202335,2023,35,Figurine of Power: Phoenix,$75.00 ,Figurine of Power: Phoenix,Onyx Ultra Rare
202335,2023,35,Gauntlets of Divine Guidance,$71.00 ,Gauntlets of Divine Guidance,Onyx Ultra Rare
202335,2023,35,Greaves of Absorption,$100.00 ,Greaves of Absorption,Onyx Ultra Rare
202335,2023,35,Grunnel's Funnel,$85.00 ,Grunnel's Funnel,Onyx Ultra Rare
202335,2023,35,Ioun Stone Kyanite Cube,$97.00 ,Ioun Stone Kyanite Cube,Onyx Ultra Rare
202335,2023,35,Lenses of Flawsight,$75.00 ,Lenses of Flawsight,Onyx Ultra Rare
202335,2023,35,Necklace of the Zephyr,$72.00 ,Necklace of the Zephyr,Onyx Ultra Rare
202335,2023,35,Ring of the Savant,$60.00 ,Ring of the Savant,Onyx Ultra Rare
202335,2023,35,Robe of Healing,$65.00 ,Robe of Healing,Onyx Ultra Rare
202335,2023,35,Shirt of the Shrewd,$96.02 ,Shirt of the Shrewd,Onyx Ultra Rare
202335,2023,35,Tome of Useful Scrolls,$80.00 ,Tome of Useful Scrolls,Onyx Ultra Rare
202336,2023,36,C/UC/R Set,$91.00 ,C/UC/R Set,Onyx Ultra Rare
202336,2023,36,+2 Sacred Sling,$41.00 ,+2 Sacred Sling,Onyx Ultra Rare
202336,2023,36,+2 Sun Scimitar,$81.00 ,+2 Sun Scimitar,Onyx Ultra Rare
202336,2023,36,Arcane Charm,$99.00 ,Arcane Charm,Onyx Ultra Rare
202336,2023,36,Bead of Bounty,$96.00 ,Bead of Bounty,Onyx Ultra Rare
202336,2023,36,Bead of Dark Resistance,$87.00 ,Bead of Dark Resistance,Onyx Ultra Rare
202336,2023,36,Boots of Puhweehwa,$86.00 ,Boots of Puhweehwa,Onyx Ultra Rare
202336,2023,36,Cloak of Retribution,$70.00 ,Cloak of Retribution,Onyx Ultra Rare
202336,2023,36,Druegar's Death Die,$81.00 ,Druegar's Death Die,Onyx Ultra Rare
202336,2023,36,Earcuff of Orbits,$91.00 ,Earcuff of Orbits,Onyx Ultra Rare
202336,2023,36,Figurine of Power: Phoenix,$87.00 ,Figurine of Power: Phoenix,Onyx Ultra Rare
202336,2023,36,Gauntlets of Divine Guidance,$75.00 ,Gauntlets of Divine Guidance,Onyx Ultra Rare
202336,2023,36,Greaves of Absorption,$100.00 ,Greaves of Absorption,Onyx Ultra Rare
202336,2023,36,Grunnel's Funnel,$81.00 ,Grunnel's Funnel,Onyx Ultra Rare
202336,2023,36,Ioun Stone Kyanite Cube,$86.00 ,Ioun Stone Kyanite Cube,Onyx Ultra Rare
202336,2023,36,Lenses of Flawsight,$80.00 ,Lenses of Flawsight,Onyx Ultra Rare
202336,2023,36,Necklace of the Zephyr,$81.00 ,Necklace of the Zephyr,Onyx Ultra Rare
202336,2023,36,Ring of the Savant,$68.00 ,Ring of the Savant,Onyx Ultra Rare
202336,2023,36,Robe of Healing,$86.00 ,Robe of Healing,Onyx Ultra Rare
202336,2023,36,Shirt of the Shrewd,$81.00 ,Shirt of the Shrewd,Onyx Ultra Rare
202336,2023,36,Tome of Useful Scrolls,$101.00 ,Tome of Useful Scrolls,Onyx Ultra Rare
202346,2023,46,C/UC/R Set,$51.00 ,C/UC/R Set,Onyx Ultra Rare
202346,2023,46,+2 Sacred Sling,$51.00 ,+2 Sacred Sling,Onyx Ultra Rare
202346,2023,46,+2 Sun Scimitar,$67.00 ,+2 Sun Scimitar,Onyx Ultra Rare
202346,2023,46,Arcane Charm,$78.00 ,Arcane Charm,Onyx Ultra Rare
202346,2023,46,Bead of Bounty,$126.00 ,Bead of Bounty,Onyx Ultra Rare
202346,2023,46,Bead of Dark Resistance,$61.00 ,Bead of Dark Resistance,Onyx Ultra Rare
202346,2023,46,Boots of Puhweehwa,$31.00 ,Boots of Puhweehwa,Onyx Ultra Rare
202346,2023,46,Cloak of Retribution,$61.00 ,Cloak of Retribution,Onyx Ultra Rare
202346,2023,46,Druegar's Death Die,$76.00 ,Druegar's Death Die,Onyx Ultra Rare
202346,2023,46,Earcuff of Orbits,$73.00 ,Earcuff of Orbits,Onyx Ultra Rare
202346,2023,46,Figurine of Power: Phoenix,$56.00 ,Figurine of Power: Phoenix,Onyx Ultra Rare
202346,2023,46,Gauntlets of Divine Guidance,$61.00 ,Gauntlets of Divine Guidance,Onyx Ultra Rare
202346,2023,46,Greaves of Absorption,$87.00 ,Greaves of Absorption,Onyx Ultra Rare
202346,2023,46,Grunnel's Funnel,$66.00 ,Grunnel's Funnel,Onyx Ultra Rare
202346,2023,46,Ioun Stone Kyanite Cube,$73.00 ,Ioun Stone Kyanite Cube,Onyx Ultra Rare
202346,2023,46,Lenses of Flawsight,$71.00 ,Lenses of Flawsight,Onyx Ultra Rare
202346,2023,46,Necklace of the Zephyr,$41.00 ,Necklace of the Zephyr,Onyx Ultra Rare
202346,2023,46,Ring of the Savant,$51.00 ,Ring of the Savant,Onyx Ultra Rare
202346,2023,46,Robe of Healing,$35.00 ,Robe of Healing,Onyx Ultra Rare
202346,2023,46,Shirt of the Shrewd,$76.00 ,Shirt of the Shrewd,Onyx Ultra Rare
202346,2023,46,Tome of Useful Scrolls,$77.00 ,Tome of Useful Scrolls,Onyx Ultra Rare
20243,2024,3,+2 Mystic Staff of the Ancients,$65.00 ,+2 Mystic Staff of the Ancients,Onyx Ultra Rare
20243,2024,3,+2 Savage Sword,$80.00 ,+2 Savage Sword,Onyx Ultra Rare
20243,2024,3,Acherin's Biting Bow,$85.00 ,Acherin's Biting Bow,Onyx Ultra Rare
20243,2024,3,Armor of the Ancients,$55.00 ,Armor of the Ancients,Onyx Ultra Rare
20243,2024,3,Boots of Brawling,$65.00 ,Boots of Brawling,Onyx Ultra Rare
20243,2024,3,Bracelets of Bounding,$45.00 ,Bracelets of Bounding,Onyx Ultra Rare
20243,2024,3,Charm of Shared Recovery,$85.00 ,Charm of Shared Recovery,Onyx Ultra Rare
20243,2024,3,Charm of the Ancients,$55.00 ,Charm of the Ancients,Onyx Ultra Rare
20243,2024,3,Death Knight Cloak,$95.00 ,Death Knight Cloak,Onyx Ultra Rare
20243,2024,3,Death Knight Shield,$95.00 ,Death Knight Shield,Onyx Ultra Rare
20243,2024,3,Earcuff of Sage Spite,$55.00 ,Earcuff of Sage Spite,Onyx Ultra Rare
20243,2024,3,Figurine of Power: Cat,$80.00 ,Figurine of Power: Cat,Onyx Ultra Rare
20243,2024,3,Gloves of the Gladiator,$75.00 ,Gloves of the Gladiator,Onyx Ultra Rare
20243,2024,3,Greaves of the Stalwart,$85.00 ,Greaves of the Stalwart,Onyx Ultra Rare
20243,2024,3,Ioun Stone Amethyst Prism,$75.00 ,Ioun Stone Amethyst Prism,Onyx Ultra Rare
20243,2024,3,Kilt of Divine Healing,$80.00 ,Kilt of Divine Healing,Onyx Ultra Rare
20243,2024,3,Lenses of the Fae,$100.00 ,Lenses of the Fae,Onyx Ultra Rare
20243,2024,3,Libram of Looting,$95.00 ,Libram of Looting,Onyx Ultra Rare
20243,2024,3,Ring of the Ancients,$95.00 ,Ring of the Ancients,Onyx Ultra Rare
20243,2024,3,Robe of the Ancients,$60.00 ,Robe of the Ancients,Onyx Ultra Rare
20243,2024,3,C/UC/R Set,$95.00 ,C/UC/R Set,Onyx Ultra Rare
20246,2024,6,+2 Mystic Staff of the Ancients,$85.00 ,+2 Mystic Staff of the Ancients,Onyx Ultra Rare
20246,2024,6,+2 Savage Sword,$80.00 ,+2 Savage Sword,Onyx Ultra Rare
20246,2024,6,Acherin's Biting Bow,$85.00 ,Acherin's Biting Bow,Onyx Ultra Rare
20246,2024,6,Armor of the Ancients,$80.00 ,Armor of the Ancients,Onyx Ultra Rare
20246,2024,6,Boots of Brawling,$80.00 ,Boots of Brawling,Onyx Ultra Rare
20246,2024,6,Bracelets of Bounding,$75.00 ,Bracelets of Bounding,Onyx Ultra Rare
20246,2024,6,Charm of Shared Recovery,$90.00 ,Charm of Shared Recovery,Onyx Ultra Rare
20246,2024,6,Charm of the Ancients,$80.00 ,Charm of the Ancients,Onyx Ultra Rare
20246,2024,6,Death Knight Cloak,$85.00 ,Death Knight Cloak,Onyx Ultra Rare
20246,2024,6,Death Knight Shield,$85.00 ,Death Knight Shield,Onyx Ultra Rare
20246,2024,6,Earcuff of Sage Spite,$75.00 ,Earcuff of Sage Spite,Onyx Ultra Rare
20246,2024,6,Figurine of Power: Cat,$85.00 ,Figurine of Power: Cat,Onyx Ultra Rare
20246,2024,6,Gloves of the Gladiator,$85.00 ,Gloves of the Gladiator,Onyx Ultra Rare
20246,2024,6,Greaves of the Stalwart,$75.00 ,Greaves of the Stalwart,Onyx Ultra Rare
20246,2024,6,Ioun Stone Amethyst Prism,$85.00 ,Ioun Stone Amethyst Prism,Onyx Ultra Rare
20246,2024,6,Kilt of Divine Healing,$80.00 ,Kilt of Divine Healing,Onyx Ultra Rare
20246,2024,6,Lenses of the Fae,$90.00 ,Lenses of the Fae,Onyx Ultra Rare
20246,2024,6,Libram of Looting,$85.00 ,Libram of Looting,Onyx Ultra Rare
20246,2024,6,Ring of the Ancients,$65.00 ,Ring of the Ancients,Onyx Ultra Rare
20246,2024,6,Robe of the Ancients,$85.00 ,Robe of the Ancients,Onyx Ultra Rare
20246,2024,6,C/UC/R Set,$110.00 ,C/UC/R Set,Onyx Ultra Rare
20259,2025,9,+2 Rod of Focus,$70.00 ,+2 Rod of Focus,Onyx Ultra Rare
20259,2025,9,Amulet of Folkvangr,$50.00 ,Amulet of Folkvangr,Onyx Ultra Rare
20259,2025,9,Bead Bracelets,$60.00 ,Bead Bracelets,Onyx Ultra Rare
20259,2025,9,Bead of Celecia,$80.00 ,Bead of Celecia,Onyx Ultra Rare
20259,2025,9,Bead of Greed,$125.00 ,Bead of Greed,Onyx Ultra Rare
20259,2025,9,Belt of the Hunter,$65.00 ,Belt of the Hunter,Onyx Ultra Rare
20259,2025,9,Charm of Echoed Taunts,$70.00 ,Charm of Echoed Taunts,Onyx Ultra Rare
20259,2025,9,Charm of Temptation,$70.00 ,Charm of Temptation,Onyx Ultra Rare
20259,2025,9,Charm of the Hedgehog,$70.00 ,Charm of the Hedgehog,Onyx Ultra Rare
20259,2025,9,Deah Knight Helm,$75.00 ,Deah Knight Helm,Onyx Ultra Rare
20259,2025,9,Earcuff of the Cabal,$70.00 ,Earcuff of the Cabal,Onyx Ultra Rare
20259,2025,9,Eye Patch of the Aesir,$50.00 ,Eye Patch of the Aesir,Onyx Ultra Rare
20259,2025,9,Greaves of Deflection,$80.00 ,Greaves of Deflection,Onyx Ultra Rare
20259,2025,9,Holy Symbol of Thor,$70.00 ,Holy Symbol of Thor,Onyx Ultra Rare
20259,2025,9,Ioun Stone Topaz Trilliant,$70.00 ,Ioun Stone Topaz Trilliant,Onyx Ultra Rare
20259,2025,9,Nightshade's Grim Gloves,$50.00 ,Nightshade's Grim Gloves,Onyx Ultra Rare
20259,2025,9,Picc's Grindstone,$125.00 ,Picc's Grindstone,Onyx Ultra Rare
20259,2025,9,Shield Maiden Bracers,$50.00 ,Shield Maiden Bracers,Onyx Ultra Rare
20259,2025,9,Shield of Guarding,$55.00 ,Shield of Guarding,Onyx Ultra Rare
20259,2025,9,Thor's Mug of Melee,$70.00 ,Thor's Mug of Melee,Onyx Ultra Rare
20259,2025,9,C/UC/R Set,$130.00 ,C/UC/R Set,Onyx Ultra Rare
202520,2025,20,+2 Rod of Focus,$60.00 ,+2 Rod of Focus,Onyx Ultra Rare
202520,2025,20,Amulet of Folkvangr,$50.00 ,Amulet of Folkvangr,Onyx Ultra Rare
202520,2025,20,Bead Bracelets,$60.00 ,Bead Bracelets,Onyx Ultra Rare
202520,2025,20,Bead of Celecia,$60.00 ,Bead of Celecia,Onyx Ultra Rare
202520,2025,20,Bead of Greed,$140.00 ,Bead of Greed,Onyx Ultra Rare
202520,2025,20,Belt of the Hunter,$35.00 ,Belt of the Hunter,Onyx Ultra Rare
202520,2025,20,Charm of Echoed Taunts,$60.00 ,Charm of Echoed Taunts,Onyx Ultra Rare
202520,2025,20,Charm of Temptation,$60.00 ,Charm of Temptation,Onyx Ultra Rare
202520,2025,20,Charm of the Hedgehog,$55.00 ,Charm of the Hedgehog,Onyx Ultra Rare
202520,2025,20,Deah Knight Helm,$70.00 ,Deah Knight Helm,Onyx Ultra Rare
202520,2025,20,Earcuff of the Cabal,$41.00 ,Earcuff of the Cabal,Onyx Ultra Rare
202520,2025,20,Eye Patch of the Aesir,$50.00 ,Eye Patch of the Aesir,Onyx Ultra Rare
202520,2025,20,Greaves of Deflection,$70.00 ,Greaves of Deflection,Onyx Ultra Rare
202520,2025,20,Holy Symbol of Thor,$70.00 ,Holy Symbol of Thor,Onyx Ultra Rare
202520,2025,20,Ioun Stone Topaz Trilliant,$85.00 ,Ioun Stone Topaz Trilliant,Onyx Ultra Rare
202520,2025,20,Nightshade's Grim Gloves,$41.00 ,Nightshade's Grim Gloves,Onyx Ultra Rare
202520,2025,20,Picc's Grindstone,$130.00 ,Picc's Grindstone,Onyx Ultra Rare
202520,2025,20,Shield Maiden Bracers,$36.00 ,Shield Maiden Bracers,Onyx Ultra Rare
202520,2025,20,Shield of Guarding,$46.00 ,Shield of Guarding,Onyx Ultra Rare
202520,2025,20,Thor's Mug of Melee,$60.00 ,Thor's Mug of Melee,Onyx Ultra Rare
202520,2025,20,C/UC/R Set,$95.00 ,C/UC/R Set,Onyx Ultra Rare
202534,2025,34,+2 Rod of Focus,$58.00 ,+2 Rod of Focus,Onyx Ultra Rare
202534,2025,34,Amulet of Folkvangr,$32.00 ,Amulet of Folkvangr,Onyx Ultra Rare
202534,2025,34,Bead Bracelets,$65.00 ,Bead Bracelets,Onyx Ultra Rare
202534,2025,34,Bead of Celecia,$62.00 ,Bead of Celecia,Onyx Ultra Rare
202534,2025,34,Bead of Greed,$75.00 ,Bead of Greed,Onyx Ultra Rare
202534,2025,34,Belt of the Hunter,$26.00 ,Belt of the Hunter,Onyx Ultra Rare
202534,2025,34,Charm of Echoed Taunts,$47.00 ,Charm of Echoed Taunts,Onyx Ultra Rare
202534,2025,34,Charm of Temptation,$47.00 ,Charm of Temptation,Onyx Ultra Rare
202534,2025,34,Charm of the Hedgehog,$51.00 ,Charm of the Hedgehog,Onyx Ultra Rare
202534,2025,34,Deah Knight Helm,$46.00 ,Deah Knight Helm,Onyx Ultra Rare
202534,2025,34,Earcuff of the Cabal,$36.00 ,Earcuff of the Cabal,Onyx Ultra Rare
202534,2025,34,Eye Patch of the Aesir,$41.00 ,Eye Patch of the Aesir,Onyx Ultra Rare
202534,2025,34,Greaves of Deflection,$52.00 ,Greaves of Deflection,Onyx Ultra Rare
202534,2025,34,Holy Symbol of Thor,$65.00 ,Holy Symbol of Thor,Onyx Ultra Rare
202534,2025,34,Ioun Stone Topaz Trilliant,$52.00 ,Ioun Stone Topaz Trilliant,Onyx Ultra Rare
202534,2025,34,Nightshade's Grim Gloves,$32.00 ,Nightshade's Grim Gloves,Onyx Ultra Rare
202534,2025,34,Picc's Grindstone,$96.00 ,Picc's Grindstone,Onyx Ultra Rare
202534,2025,34,Shield Maiden Bracers,$36.00 ,Shield Maiden Bracers,Onyx Ultra Rare
202534,2025,34,Shield of Guarding,$45.00 ,Shield of Guarding,Onyx Ultra Rare
202534,2025,34,Thor's Mug of Melee,$75.00 ,Thor's Mug of Melee,Onyx Ultra Rare
202534,2025,34,C/UC/R Set,$110.00 ,C/UC/R Set,Onyx Ultra Rare
202537,2025,37,+2 Rod of Focus,$52.00 ,+2 Rod of Focus,Onyx Ultra Rare
202537,2025,37,Amulet of Folkvangr,$36.00 ,Amulet of Folkvangr,Onyx Ultra Rare
202537,2025,37,Bead Bracelets,$46.00 ,Bead Bracelets,Onyx Ultra Rare
202537,2025,37,Bead of Celecia,$65.00 ,Bead of Celecia,Onyx Ultra Rare
202537,2025,37,Bead of Greed,$100.00 ,Bead of Greed,Onyx Ultra Rare
202537,2025,37,Belt of the Hunter,$27.00 ,Belt of the Hunter,Onyx Ultra Rare
202537,2025,37,Charm of Echoed Taunts,$41.00 ,Charm of Echoed Taunts,Onyx Ultra Rare
202537,2025,37,Charm of Temptation,$36.00 ,Charm of Temptation,Onyx Ultra Rare
202537,2025,37,Charm of the Hedgehog,$42.00 ,Charm of the Hedgehog,Onyx Ultra Rare
202537,2025,37,Deah Knight Helm,$50.00 ,Deah Knight Helm,Onyx Ultra Rare
202537,2025,37,Earcuff of the Cabal,$75.00 ,Earcuff of the Cabal,Onyx Ultra Rare
202537,2025,37,Eye Patch of the Aesir,$46.00 ,Eye Patch of the Aesir,Onyx Ultra Rare
202537,2025,37,Greaves of Deflection,$85.00 ,Greaves of Deflection,Onyx Ultra Rare
202537,2025,37,Holy Symbol of Thor,$65.00 ,Holy Symbol of Thor,Onyx Ultra Rare
202537,2025,37,Ioun Stone Topaz Trilliant,$46.00 ,Ioun Stone Topaz Trilliant,Onyx Ultra Rare
202537,2025,37,Nightshade's Grim Gloves,$46.00 ,Nightshade's Grim Gloves,Onyx Ultra Rare
202537,2025,37,Picc's Grindstone,$125.00 ,Picc's Grindstone,Onyx Ultra Rare
202537,2025,37,Shield Maiden Bracers,$27.00 ,Shield Maiden Bracers,Onyx Ultra Rare
202537,2025,37,Shield of Guarding,$27.00 ,Shield of Guarding,Onyx Ultra Rare
202537,2025,37,Thor's Mug of Melee,$27.00 ,Thor's Mug of Melee,Onyx Ultra Rare
202537,2025,37,C/UC/R Set,$105.00 ,C/UC/R Set,Onyx Ultra Rare
202545,2025,45,+2 Rod of Focus,$71.00 ,+2 Rod of Focus,Onyx Ultra Rare
202545,2025,45,Amulet of Folkvangr,$50.00 ,Amulet of Folkvangr,Onyx Ultra Rare
202545,2025,45,Bead Bracelets,$56.00 ,Bead Bracelets,Onyx Ultra Rare
202545,2025,45,Bead of Celecia,$55.00 ,Bead of Celecia,Onyx Ultra Rare
202545,2025,45,Bead of Greed,$71.00 ,Bead of Greed,Onyx Ultra Rare
202545,2025,45,Belt of the Hunter,$50.00 ,Belt of the Hunter,Onyx Ultra Rare
202545,2025,45,Charm of Echoed Taunts,$50.00 ,Charm of Echoed Taunts,Onyx Ultra Rare
202545,2025,45,Charm of Temptation,$46.00 ,Charm of Temptation,Onyx Ultra Rare
202545,2025,45,Charm of the Hedgehog,$66.00 ,Charm of the Hedgehog,Onyx Ultra Rare
202545,2025,45,Deah Knight Helm,$50.00 ,Deah Knight Helm,Onyx Ultra Rare
202545,2025,45,Earcuff of the Cabal,$51.00 ,Earcuff of the Cabal,Onyx Ultra Rare
202545,2025,45,Eye Patch of the Aesir,$46.00 ,Eye Patch of the Aesir,Onyx Ultra Rare
202545,2025,45,Greaves of Deflection,$55.00 ,Greaves of Deflection,Onyx Ultra Rare
202545,2025,45,Holy Symbol of Thor,$65.00 ,Holy Symbol of Thor,Onyx Ultra Rare
202545,2025,45,Ioun Stone Topaz Trilliant,$56.00 ,Ioun Stone Topaz Trilliant,Onyx Ultra Rare
202545,2025,45,Nightshade's Grim Gloves,$51.00 ,Nightshade's Grim Gloves,Onyx Ultra Rare
202545,2025,45,Picc's Grindstone,$100.00 ,Picc's Grindstone,Onyx Ultra Rare
202545,2025,45,Shield Maiden Bracers,$50.00 ,Shield Maiden Bracers,Onyx Ultra Rare
202545,2025,45,Shield of Guarding,$50.00 ,Shield of Guarding,Onyx Ultra Rare
202545,2025,45,Thor's Mug of Melee,$51.00 ,Thor's Mug of Melee,Onyx Ultra Rare
202545,2025,45,C/UC/R Set,$110.00 ,C/UC/R Set,Onyx Ultra Rare
20262,2026,2,+2 Branding Mace,,+2 Branding Mace,Onyx Ultra Rare
20262,2026,2,+2 Darkbane Crossbow,,+2 Darkbane Crossbow,Onyx Ultra Rare
20262,2026,2,Belt of the Accursed,,Belt of the Accursed,Onyx Ultra Rare
20262,2026,2,Boots of Grave's Reach,,Boots of Grave's Reach,Onyx Ultra Rare
20262,2026,2,Bracers of Boosting,,Bracers of Boosting,Onyx Ultra Rare
20262,2026,2,Charm of Fickle Fate,,Charm of Fickle Fate,Onyx Ultra Rare
20262,2026,2,Cloak of the Accursed,,Cloak of the Accursed,Onyx Ultra Rare
20262,2026,2,Earcuff of the Accursed,,Earcuff of the Accursed,Onyx Ultra Rare
20262,2026,2,Figurine of Power: Pilgrim,,Figurine of Power: Pilgrim,Onyx Ultra Rare
20262,2026,2,Goblet of Saintly Surge,,Goblet of Saintly Surge,Onyx Ultra Rare
20262,2026,2,Greaves of Diffusion,,Greaves of Diffusion,Onyx Ultra Rare
20262,2026,2,Hat of Critical Thinking,,Hat of Critical Thinking,Onyx Ultra Rare
20262,2026,2,Ioun Stone Moonstone Orb,,Ioun Stone Moonstone Orb,Onyx Ultra Rare
20262,2026,2,Lady Ashley's Triad Shield,,Lady Ashley's Triad Shield,Onyx Ultra Rare
20262,2026,2,Mongo's Miracle Bead,,Mongo's Miracle Bead,Onyx Ultra Rare
20262,2026,2,Ring of the Vampire,,Ring of the Vampire,Onyx Ultra Rare
20262,2026,2,Shirt of the Lycan,,Shirt of the Lycan,Onyx Ultra Rare
20262,2026,2,Sir Andrew's Triad Armor,,Sir Andrew's Triad Armor,Onyx Ultra Rare
20262,2026,2,Sir Jason's Triad Helm,,Sir Jason's Triad Helm,Onyx Ultra Rare
20262,2026,2,St. Gubb's Gorget,,St. Gubb's Gorget,Onyx Ultra Rare
20262,2026,2,C/UC/R Set,,C/UC/R Set,Onyx Ultra Rare
20264,2026,4,+2 Branding Mace,,+2 Branding Mace,Onyx Ultra Rare
20264,2026,4,+2 Darkbane Crossbow,,+2 Darkbane Crossbow,Onyx Ultra Rare
20264,2026,4,Belt of the Accursed,,Belt of the Accursed,Onyx Ultra Rare
20264,2026,4,Boots of Grave's Reach,,Boots of Grave's Reach,Onyx Ultra Rare
20264,2026,4,Bracers of Boosting,,Bracers of Boosting,Onyx Ultra Rare
20264,2026,4,Charm of Fickle Fate,,Charm of Fickle Fate,Onyx Ultra Rare
20264,2026,4,Cloak of the Accursed,,Cloak of the Accursed,Onyx Ultra Rare
20264,2026,4,Earcuff of the Accursed,,Earcuff of the Accursed,Onyx Ultra Rare
20264,2026,4,Figurine of Power: Pilgrim,,Figurine of Power: Pilgrim,Onyx Ultra Rare
20264,2026,4,Goblet of Saintly Surge,,Goblet of Saintly Surge,Onyx Ultra Rare
20264,2026,4,Greaves of Diffusion,,Greaves of Diffusion,Onyx Ultra Rare
20264,2026,4,Hat of Critical Thinking,,Hat of Critical Thinking,Onyx Ultra Rare
20264,2026,4,Ioun Stone Moonstone Orb,,Ioun Stone Moonstone Orb,Onyx Ultra Rare
20264,2026,4,Lady Ashley's Triad Shield,,Lady Ashley's Triad Shield,Onyx Ultra Rare
20264,2026,4,Mongo's Miracle Bead,,Mongo's Miracle Bead,Onyx Ultra Rare
20264,2026,4,Ring of the Vampire,,Ring of the Vampire,Onyx Ultra Rare
20264,2026,4,Shirt of the Lycan,,Shirt of the Lycan,Onyx Ultra Rare
20264,2026,4,Sir Andrew's Triad Armor,,Sir Andrew's Triad Armor,Onyx Ultra Rare
20264,2026,4,Sir Jason's Triad Helm,,Sir Jason's Triad Helm,Onyx Ultra Rare
20264,2026,4,St. Gubb's Gorget,,St. Gubb's Gorget,Onyx Ultra Rare
20264,2026,4,C/UC/R Set,,C/UC/R Set,Onyx Ultra Rare
20266,2026,6,+2 Branding Mace,$46.00 ,+2 Branding Mace,Onyx Ultra Rare
20266,2026,6,+2 Darkbane Crossbow,$51.00 ,+2 Darkbane Crossbow,Onyx Ultra Rare
20266,2026,6,Belt of the Accursed,$42.00 ,Belt of the Accursed,Onyx Ultra Rare
20266,2026,6,Boots of Grave's Reach,$46.00 ,Boots of Grave's Reach,Onyx Ultra Rare
20266,2026,6,Bracers of Boosting,$50.00 ,Bracers of Boosting,Onyx Ultra Rare
20266,2026,6,Charm of Fickle Fate,$45.00 ,Charm of Fickle Fate,Onyx Ultra Rare
20266,2026,6,Cloak of the Accursed,$42.00 ,Cloak of the Accursed,Onyx Ultra Rare
20266,2026,6,Earcuff of the Accursed,$42.00 ,Earcuff of the Accursed,Onyx Ultra Rare
20266,2026,6,Figurine of Power: Pilgrim,$67.00 ,Figurine of Power: Pilgrim,Onyx Ultra Rare
20266,2026,6,Goblet of Saintly Surge,$62.00 ,Goblet of Saintly Surge,Onyx Ultra Rare
20266,2026,6,Greaves of Diffusion,$52.00 ,Greaves of Diffusion,Onyx Ultra Rare
20266,2026,6,Hat of Critical Thinking,$56.00 ,Hat of Critical Thinking,Onyx Ultra Rare
20266,2026,6,Ioun Stone Moonstone Orb,$54.00 ,Ioun Stone Moonstone Orb,Onyx Ultra Rare
20266,2026,6,Lady Ashley's Triad Shield,$51.00 ,Lady Ashley's Triad Shield,Onyx Ultra Rare
20266,2026,6,Mongo's Miracle Bead,$51.00 ,Mongo's Miracle Bead,Onyx Ultra Rare
20266,2026,6,Ring of the Vampire,$46.00 ,Ring of the Vampire,Onyx Ultra Rare
20266,2026,6,Shirt of the Lycan,$62.00 ,Shirt of the Lycan,Onyx Ultra Rare
20266,2026,6,Sir Andrew's Triad Armor,$51.00 ,Sir Andrew's Triad Armor,Onyx Ultra Rare
20266,2026,6,Sir Jason's Triad Helm,$51.00 ,Sir Jason's Triad Helm,Onyx Ultra Rare
20266,2026,6,St. Gubb's Gorget,$46.00 ,St. Gubb's Gorget,Onyx Ultra Rare
20266,2026,6,C/UC/R Set,$96.00 ,C/UC/R Set,Onyx Ultra Rare
20264,2026,4,+2 Branding Mace,$42.00 ,+2 Branding Mace,Onyx Ultra Rare
20264,2026,4,+2 Darkbane Crossbow,$46.00 ,+2 Darkbane Crossbow,Onyx Ultra Rare
20264,2026,4,Belt of the Accursed,$43.00 ,Belt of the Accursed,Onyx Ultra Rare
20264,2026,4,Boots of Grave's Reach,$43.00 ,Boots of Grave's Reach,Onyx Ultra Rare
20264,2026,4,Bracers of Boosting,$43.00 ,Bracers of Boosting,Onyx Ultra Rare
20264,2026,4,Charm of Fickle Fate,$55.00 ,Charm of Fickle Fate,Onyx Ultra Rare
20264,2026,4,Cloak of the Accursed,$43.00 ,Cloak of the Accursed,Onyx Ultra Rare
20264,2026,4,Earcuff of the Accursed,$43.00 ,Earcuff of the Accursed,Onyx Ultra Rare
20264,2026,4,Figurine of Power: Pilgrim,$56.00 ,Figurine of Power: Pilgrim,Onyx Ultra Rare
20264,2026,4,Goblet of Saintly Surge,$55.00 ,Goblet of Saintly Surge,Onyx Ultra Rare
20264,2026,4,Greaves of Diffusion,$70.00 ,Greaves of Diffusion,Onyx Ultra Rare
20264,2026,4,Hat of Critical Thinking,$75.00 ,Hat of Critical Thinking,Onyx Ultra Rare
20264,2026,4,Ioun Stone Moonstone Orb,$55.00 ,Ioun Stone Moonstone Orb,Onyx Ultra Rare
20264,2026,4,Lady Ashley's Triad Shield,$55.00 ,Lady Ashley's Triad Shield,Onyx Ultra Rare
20264,2026,4,Mongo's Miracle Bead,$50.00 ,Mongo's Miracle Bead,Onyx Ultra Rare
20264,2026,4,Ring of the Vampire,$60.00 ,Ring of the Vampire,Onyx Ultra Rare
20264,2026,4,Shirt of the Lycan,$46.00 ,Shirt of the Lycan,Onyx Ultra Rare
20264,2026,4,Sir Andrew's Triad Armor,$55.00 ,Sir Andrew's Triad Armor,Onyx Ultra Rare
20264,2026,4,Sir Jason's Triad Helm,$55.00 ,Sir Jason's Triad Helm,Onyx Ultra Rare
20264,2026,4,St. Gubb's Gorget,$43.00 ,St. Gubb's Gorget,Onyx Ultra Rare
20264,2026,4,C/UC/R Set,$85.00 ,C/UC/R Set,Onyx Ultra Rare
20262,2026,2,+2 Branding Mace,$37.00 ,+2 Branding Mace,Onyx Ultra Rare
20262,2026,2,+2 Darkbane Crossbow,$41.00 ,+2 Darkbane Crossbow,Onyx Ultra Rare
20262,2026,2,Belt of the Accursed,$50.00 ,Belt of the Accursed,Onyx Ultra Rare
20262,2026,2,Boots of Grave's Reach,$40.00 ,Boots of Grave's Reach,Onyx Ultra Rare
20262,2026,2,Bracers of Boosting,$41.00 ,Bracers of Boosting,Onyx Ultra Rare
20262,2026,2,Charm of Fickle Fate,$41.00 ,Charm of Fickle Fate,Onyx Ultra Rare
20262,2026,2,Cloak of the Accursed,$50.00 ,Cloak of the Accursed,Onyx Ultra Rare
20262,2026,2,Earcuff of the Accursed,$50.00 ,Earcuff of the Accursed,Onyx Ultra Rare
20262,2026,2,Figurine of Power: Pilgrim,$55.00 ,Figurine of Power: Pilgrim,Onyx Ultra Rare
20262,2026,2,Goblet of Saintly Surge,$65.00 ,Goblet of Saintly Surge,Onyx Ultra Rare
20262,2026,2,Greaves of Diffusion,$50.00 ,Greaves of Diffusion,Onyx Ultra Rare
20262,2026,2,Hat of Critical Thinking,$65.00 ,Hat of Critical Thinking,Onyx Ultra Rare
20262,2026,2,Ioun Stone Moonstone Orb,$45.00 ,Ioun Stone Moonstone Orb,Onyx Ultra Rare
20262,2026,2,Lady Ashley's Triad Shield,$65.00 ,Lady Ashley's Triad Shield,Onyx Ultra Rare
20262,2026,2,Mongo's Miracle Bead,$50.00 ,Mongo's Miracle Bead,Onyx Ultra Rare
20262,2026,2,Ring of the Vampire,$41.00 ,Ring of the Vampire,Onyx Ultra Rare
20262,2026,2,Shirt of the Lycan,$55.00 ,Shirt of the Lycan,Onyx Ultra Rare
20262,2026,2,Sir Andrew's Triad Armor,$60.00 ,Sir Andrew's Triad Armor,Onyx Ultra Rare
20262,2026,2,Sir Jason's Triad Helm,$60.00 ,Sir Jason's Triad Helm,Onyx Ultra Rare
20262,2026,2,St. Gubb's Gorget,$41.00 ,St. Gubb's Gorget,Onyx Ultra Rare
20262,2026,2,C/UC/R Set,$105.00 ,C/UC/R Set,Onyx Ultra Rare
202634,2026,34,+2 Branding Mace,$45.00 ,+2 Branding Mace,Onyx Ultra Rare
202634,2026,34,+2 Darkbane Crossbow,$50.00 ,+2 Darkbane Crossbow,Onyx Ultra Rare
202634,2026,34,Belt of the Accursed,$46.00 ,Belt of the Accursed,Onyx Ultra Rare
202634,2026,34,Boots of Grave's Reach,$41.00 ,Boots of Grave's Reach,Onyx Ultra Rare
202634,2026,34,Bracers of Boosting,$50.00 ,Bracers of Boosting,Onyx Ultra Rare
202634,2026,34,Charm of Fickle Fate,$50.00 ,Charm of Fickle Fate,Onyx Ultra Rare
202634,2026,34,Cloak of the Accursed,$46.00 ,Cloak of the Accursed,Onyx Ultra Rare
202634,2026,34,Earcuff of the Accursed,$46.00 ,Earcuff of the Accursed,Onyx Ultra Rare
202634,2026,34,Figurine of Power: Pilgrim,$50.00 ,Figurine of Power: Pilgrim,Onyx Ultra Rare
202634,2026,34,Goblet of Saintly Surge,$50.00 ,Goblet of Saintly Surge,Onyx Ultra Rare
202634,2026,34,Greaves of Diffusion,$65.00 ,Greaves of Diffusion,Onyx Ultra Rare
202634,2026,34,Hat of Critical Thinking,$60.00 ,Hat of Critical Thinking,Onyx Ultra Rare
202634,2026,34,Ioun Stone Moonstone Orb,$55.00 ,Ioun Stone Moonstone Orb,Onyx Ultra Rare
202634,2026,34,Lady Ashley's Triad Shield,$55.00 ,Lady Ashley's Triad Shield,Onyx Ultra Rare
202634,2026,34,Mongo's Miracle Bead,$50.00 ,Mongo's Miracle Bead,Onyx Ultra Rare
202634,2026,34,Ring of the Vampire,$50.00 ,Ring of the Vampire,Onyx Ultra Rare
202634,2026,34,Shirt of the Lycan,$50.00 ,Shirt of the Lycan,Onyx Ultra Rare
202634,2026,34,Sir Andrew's Triad Armor,$55.00 ,Sir Andrew's Triad Armor,Onyx Ultra Rare
202634,2026,34,Sir Jason's Triad Helm,$55.00 ,Sir Jason's Triad Helm,Onyx Ultra Rare
202634,2026,34,St. Gubb's Gorget,$45.00 ,St. Gubb's Gorget,Onyx Ultra Rare
202634,2026,34,C/UC/R Set,$100.00 ,C/UC/R Set,Onyx Ultra Rare
